transaction_id,date,customer_id,product_id,quantity,unit_price,payment_method,total_amount
T0001,2026-01-01 00:00:00,C1103,P137,2,2047.17,Debit Card,4094.34
T0002,2026-01-01 01:00:00,C1180,P106,2,557.7,UPI,1115.4
T0003,2026-01-01 02:00:00,C1093,P126,4,2261.25,UPI,9045.0
T0004,2026-01-01 03:00:00,C1015,P134,1,1058.49,Net Banking,1058.49
T0005,2026-01-01 04:00:00,C1107,P145,3,1014.94,Debit Card,3044.82
T0006,2026-01-01 05:00:00,C1072,P106,5,560.78,UPI,2803.9
T0007,2026-01-01 06:00:00,C1189,P137,3,1847.69,Credit Card,5543.07
T0008,2026-01-01 07:00:00,C1021,P133,3,3811.66,Net Banking,11434.98
T0009,2026-01-01 08:00:00,C1103,P122,1,1454.56,UPI,1454.56
T0010,2026-01-01 09:00:00,C1122,P121,1,1630.51,UPI,1630.51
T0011,2026-01-01 10:00:00,C1075,P106,1,3249.11,Credit Card,3249.11
T0012,2026-01-01 11:00:00,C1088,P106,2,1059.62,Credit Card,2119.24
T0013,2026-01-01 12:00:00,C1117,P148,4,4495.09,Net Banking,17980.36
T0014,2026-01-01 13:00:00,C1100,P104,2,2648.93,Net Banking,5297.86
T0015,2026-01-01 14:00:00,C1104,P130,4,2293.25,Credit Card,9173.0
T0016,2026-01-01 15:00:00,C1152,P111,4,2833.32,Net Banking,11333.28
T0017,2026-01-01 16:00:00,C1131,P130,3,913.57,Credit Card,2740.71
T0018,2026-01-01 17:00:00,C1150,P131,3,3106.02,UPI,9318.06
T0019,2026-01-01 18:00:00,C1053,P124,4,1879.19,Credit Card,7516.76
T0020,2026-01-01 19:00:00,C1002,P109,4,4496.21,Credit Card,17984.84
T0021,2026-01-01 20:00:00,C1088,P103,2,927.39,Debit Card,1854.78
T0022,2026-01-01 21:00:00,C1158,P131,2,2584.55,Credit Card,5169.1
T0023,2026-01-01 22:00:00,C1038,P140,3,3030.75,Credit Card,9092.25
T0024,2026-01-01 23:00:00,C1130,P137,1,263.58,Debit Card,263.58
T0025,2026-01-02 00:00:00,C1192,P136,4,1882.1,Net Banking,7528.4
T0026,2026-01-02 01:00:00,C1188,P124,2,3689.91,Debit Card,7379.82
T0027,2026-01-02 02:00:00,C1021,P131,3,4119.85,UPI,12359.55
T0028,2026-01-02 03:00:00,C1161,P106,2,1634.49,Debit Card,3268.98
T0029,2026-01-02 04:00:00,C1058,P102,4,4013.11,UPI,16052.44
T0030,2026-01-02 05:00:00,C1022,P120,4,4842.0,Net Banking,19368.0
T0031,2026-01-02 06:00:00,C1089,P128,5,4298.68,Debit Card,21493.4
T0032,2026-01-02 07:00:00,C1049,P111,1,676.46,Debit Card,676.46
T0033,2026-01-02 08:00:00,C1059,P104,5,3724.68,Net Banking,18623.4
T0034,2026-01-02 09:00:00,C1170,P115,3,1666.37,UPI,4999.11
T0035,2026-01-02 10:00:00,C1188,P106,2,4943.24,Debit Card,9886.48
T0036,2026-01-02 11:00:00,C1015,P149,3,2478.26,UPI,7434.78
T0037,2026-01-02 12:00:00,C1190,P130,4,699.93,Debit Card,2799.72
T0038,2026-01-02 13:00:00,C1190,P138,5,3653.41,Credit Card,18267.05
T0039,2026-01-02 14:00:00,C1175,P102,5,1682.75,Debit Card,8413.75
T0040,2026-01-02 15:00:00,C1190,P115,5,4985.68,Net Banking,24928.4
T0041,2026-01-02 16:00:00,C1051,P111,3,4900.93,Net Banking,14702.79
T0042,2026-01-02 17:00:00,C1108,P108,4,3315.06,UPI,13260.24
T0043,2026-01-02 18:00:00,C1055,P126,2,736.15,Debit Card,1472.3
T0044,2026-01-02 19:00:00,C1064,P145,2,3465.62,UPI,6931.24
T0045,2026-01-02 20:00:00,C1131,P144,3,555.85,UPI,1667.55
T0046,2026-01-02 21:00:00,C1051,P105,5,243.88,Credit Card,1219.4
T0047,2026-01-02 22:00:00,C1135,P106,1,4132.5,Credit Card,4132.5
T0048,2026-01-02 23:00:00,C1021,P126,3,1127.79,Net Banking,3383.37
T0049,2026-01-03 00:00:00,C1073,P104,3,1957.23,UPI,5871.69
T0050,2026-01-03 01:00:00,C1167,P119,4,4869.94,Net Banking,19479.76
T0051,2026-01-03 02:00:00,C1018,P120,2,1750.52,Debit Card,3501.04
T0052,2026-01-03 03:00:00,C1132,P133,3,1552.8,UPI,4658.4
T0053,2026-01-03 04:00:00,C1089,P120,3,4599.22,UPI,13797.66
T0054,2026-01-03 05:00:00,C1060,P149,5,642.67,Debit Card,3213.35
T0055,2026-01-03 06:00:00,C1014,P112,5,3821.95,Debit Card,19109.75
T0056,2026-01-03 07:00:00,C1009,P147,1,4941.52,Net Banking,4941.52
T0057,2026-01-03 08:00:00,C1090,P101,4,4516.35,Net Banking,18065.4
T0058,2026-01-03 09:00:00,C1053,P126,1,3293.17,Debit Card,3293.17
T0059,2026-01-03 10:00:00,C1130,P114,5,1638.9,Net Banking,8194.5
T0060,2026-01-03 11:00:00,C1084,P138,2,1346.18,Debit Card,2692.36
T0061,2026-01-03 12:00:00,C1092,P137,5,4114.35,UPI,20571.75
T0062,2026-01-03 13:00:00,C1111,P111,4,4411.13,UPI,17644.52
T0063,2026-01-03 14:00:00,C1188,P136,5,2674.63,Credit Card,13373.15
T0064,2026-01-03 15:00:00,C1199,P113,4,1297.27,UPI,5189.08
T0065,2026-01-03 16:00:00,C1172,P143,4,653.42,Debit Card,2613.68
T0066,2026-01-03 17:00:00,C1008,P103,4,527.18,Net Banking,2108.72
T0067,2026-01-03 18:00:00,C1175,P133,4,3623.48,Credit Card,14493.92
T0068,2026-01-03 19:00:00,C1035,P106,4,2158.58,Net Banking,8634.32
T0069,2026-01-03 20:00:00,C1081,P150,2,4536.26,Debit Card,9072.52
T0070,2026-01-03 21:00:00,C1164,P110,1,3724.39,UPI,3724.39
T0071,2026-01-03 22:00:00,C1050,P105,3,1037.18,Credit Card,3111.54
T0072,2026-01-03 23:00:00,C1104,P123,1,3107.51,Debit Card,3107.51
T0073,2026-01-04 00:00:00,C1132,P110,4,2233.98,Credit Card,8935.92
T0074,2026-01-04 01:00:00,C1002,P144,2,2928.52,Credit Card,5857.04
T0075,2026-01-04 02:00:00,C1134,P102,5,3716.54,UPI,18582.7
T0076,2026-01-04 03:00:00,C1054,P113,2,4050.36,Debit Card,8100.72
T0077,2026-01-04 04:00:00,C1106,P140,4,4234.31,Net Banking,16937.24
T0078,2026-01-04 05:00:00,C1004,P102,2,1344.48,Credit Card,2688.96
T0079,2026-01-04 06:00:00,C1054,P120,2,252.47,Credit Card,504.94
T0080,2026-01-04 07:00:00,C1191,P101,4,3722.54,Net Banking,14890.16
T0081,2026-01-04 08:00:00,C1146,P137,2,621.08,Debit Card,1242.16
T0082,2026-01-04 09:00:00,C1044,P109,3,1643.11,Credit Card,4929.33
T0083,2026-01-04 10:00:00,C1162,P117,3,118.7,Credit Card,356.1
T0084,2026-01-04 11:00:00,C1190,P109,2,3440.18,Credit Card,6880.36
T0085,2026-01-04 12:00:00,C1014,P111,5,918.95,Debit Card,4594.75
T0086,2026-01-04 13:00:00,C1095,P115,4,3310.88,Debit Card,13243.52
T0087,2026-01-04 14:00:00,C1048,P124,3,4959.54,Net Banking,14878.62
T0088,2026-01-04 15:00:00,C1015,P138,5,456.09,Debit Card,2280.45
T0089,2026-01-04 16:00:00,C1190,P135,2,477.68,Debit Card,955.36
T0090,2026-01-04 17:00:00,C1040,P130,5,1767.86,UPI,8839.3
T0091,2026-01-04 18:00:00,C1082,P131,1,4345.29,Net Banking,4345.29
T0092,2026-01-04 19:00:00,C1111,P149,3,1156.1,Credit Card,3468.3
T0093,2026-01-04 20:00:00,C1053,P105,2,1865.85,Debit Card,3731.7
T0094,2026-01-04 21:00:00,C1024,P144,4,435.68,Credit Card,1742.72
T0095,2026-01-04 22:00:00,C1154,P150,2,3839.46,Credit Card,7678.92
T0096,2026-01-04 23:00:00,C1188,P114,4,2100.7,UPI,8402.8
T0097,2026-01-05 00:00:00,C1124,P111,2,3820.32,Debit Card,7640.64
T0098,2026-01-05 01:00:00,C1041,P109,5,4527.68,Net Banking,22638.4
T0099,2026-01-05 02:00:00,C1157,P134,5,1240.54,Debit Card,6202.7
T0100,2026-01-05 03:00:00,C1015,P112,5,4056.24,Credit Card,20281.2
T0101,2026-01-05 04:00:00,C1045,P135,100,389.56,Net Banking,38956.0
T0102,2026-01-05 05:00:00,C1065,P135,4,4504.35,Debit Card,18017.4
T0103,2026-01-05 06:00:00,C1089,P101,5,3288.77,Credit Card,16443.85
T0104,2026-01-05 07:00:00,C1071,P140,1,4383.71,Credit Card,4383.71
T0105,2026-01-05 08:00:00,C1009,P122,4,100.92,UPI,403.68
T0106,2026-01-05 09:00:00,C1088,P129,2,928.5,UPI,1857.0
T0107,2026-01-05 10:00:00,C1129,P108,1,2009.82,UPI,2009.82
T0108,2026-01-05 11:00:00,C1136,P111,3,1959.56,Credit Card,5878.68
T0109,2026-01-05 12:00:00,C1063,P141,1,1210.98,Debit Card,1210.98
T0110,2026-01-05 13:00:00,C1139,P137,1,1969.9,UPI,1969.9
T0111,2026-01-05 14:00:00,C1081,P114,4,731.36,Debit Card,2925.44
T0112,2026-01-05 15:00:00,C1136,P130,2,2122.53,UPI,4245.06
T0113,2026-01-05 16:00:00,C1163,P135,3,4031.54,Net Banking,12094.62
T0114,2026-01-05 17:00:00,C1163,P121,5,2447.44,Net Banking,12237.2
T0115,2026-01-05 18:00:00,C1033,P137,5,188.2,UPI,941.0
T0116,2026-01-05 19:00:00,C1123,P105,1,2165.08,Credit Card,2165.08
T0117,2026-01-05 20:00:00,C1005,P119,4,233.16,UPI,932.64
T0118,2026-01-05 21:00:00,C1041,P114,4,4834.59,UPI,19338.36
T0119,2026-01-05 22:00:00,C1028,P126,5,724.52,Credit Card,3622.6
T0120,2026-01-05 23:00:00,C1135,P104,3,3567.67,Net Banking,10703.01
T0121,2026-01-06 00:00:00,C1072,P125,2,4866.6,Debit Card,9733.2
T0122,2026-01-06 01:00:00,C1012,P145,3,4147.59,UPI,12442.77
T0123,2026-01-06 02:00:00,C1162,P142,2,3526.65,Credit Card,7053.3
T0124,2026-01-06 03:00:00,C1033,P125,5,4213.36,UPI,21066.8
T0125,2026-01-06 04:00:00,C1048,P118,2,4910.81,Credit Card,9821.62
T0126,2026-01-06 05:00:00,C1151,P140,4,3144.59,Debit Card,12578.36
T0127,2026-01-06 06:00:00,C1062,P108,1,2840.01,Debit Card,2840.01
T0128,2026-01-06 07:00:00,C1037,P139,1,3178.37,Net Banking,3178.37
T0129,2026-01-06 08:00:00,C1099,P140,5,2710.11,Credit Card,13550.55
T0130,2026-01-06 09:00:00,C1172,P114,4,3211.94,Credit Card,12847.76
T0131,2026-01-06 10:00:00,C1104,P132,3,2304.23,Net Banking,6912.69
T0132,2026-01-06 11:00:00,C1035,P138,4,1170.37,Net Banking,4681.48
T0133,2026-01-06 12:00:00,C1193,P133,1,689.21,Credit Card,689.21
T0134,2026-01-06 13:00:00,C1101,P123,1,434.87,Net Banking,434.87
T0135,2026-01-06 14:00:00,C1175,P115,4,1390.25,Debit Card,5561.0
T0136,2026-01-06 15:00:00,C1131,P133,4,326.01,UPI,1304.04
T0137,2026-01-06 16:00:00,C1001,P125,1,2879.14,Debit Card,2879.14
T0138,2026-01-06 17:00:00,C1005,P117,3,1490.76,Net Banking,4472.28
T0139,2026-01-06 18:00:00,C1142,P133,5,4140.22,Credit Card,20701.1
T0140,2026-01-06 19:00:00,C1103,P147,5,463.78,Credit Card,2318.9
T0141,2026-01-06 20:00:00,C1027,P102,4,1209.12,Debit Card,4836.48
T0142,2026-01-06 21:00:00,C1137,P114,5,3678.21,Credit Card,18391.05
T0143,2026-01-06 22:00:00,C1015,P140,1,3034.16,Net Banking,3034.16
T0144,2026-01-06 23:00:00,C1090,P140,1,416.01,Debit Card,416.01
T0145,2026-01-07 00:00:00,C1042,P139,4,4398.47,Credit Card,17593.88
T0146,2026-01-07 01:00:00,C1124,P106,4,4398.58,UPI,17594.32
T0147,2026-01-07 02:00:00,C1179,P106,4,1719.0,UPI,6876.0
T0148,2026-01-07 03:00:00,C1063,P103,3,1767.99,Net Banking,5303.97
T0149,2026-01-07 04:00:00,C1096,P107,5,4946.24,Credit Card,24731.2
T0150,2026-01-07 05:00:00,C1052,P108,4,3168.26,Net Banking,12673.04
T0151,2026-01-07 06:00:00,C1096,P142,2,2703.45,Debit Card,5406.9
T0152,2026-01-07 07:00:00,C1132,P115,2,4206.95,UPI,8413.9
T0153,2026-01-07 08:00:00,C1151,P147,1,1497.92,Debit Card,1497.92
T0154,2026-01-07 09:00:00,C1143,P129,5,2202.99,Credit Card,11014.95
T0155,2026-01-07 10:00:00,C1171,P133,4,1412.11,Net Banking,5648.44
T0156,2026-01-07 11:00:00,C1029,P130,2,3966.89,Net Banking,7933.78
T0157,2026-01-07 12:00:00,C1036,P139,5,2909.41,Net Banking,14547.05
T0158,2026-01-07 13:00:00,C1013,P127,1,3328.24,Debit Card,3328.24
T0159,2026-01-07 14:00:00,C1160,P136,3,1336.31,UPI,4008.93
T0160,2026-01-07 15:00:00,C1071,P129,5,1179.1,Debit Card,5895.5
T0161,2026-01-07 16:00:00,C1187,P138,5,2493.04,Debit Card,12465.2
T0162,2026-01-07 17:00:00,C1086,P133,3,3714.07,Credit Card,11142.21
T0163,2026-01-07 18:00:00,C1028,P137,5,2673.67,Credit Card,13368.35
T0164,2026-01-07 19:00:00,C1066,P127,1,259.96,Credit Card,259.96
T0165,2026-01-07 20:00:00,C1170,P133,1,4355.9,UPI,4355.9
T0166,2026-01-07 21:00:00,C1045,P104,3,416.97,UPI,1250.91
T0167,2026-01-07 22:00:00,C1062,P122,4,4783.54,Credit Card,19134.16
T0168,2026-01-07 23:00:00,C1185,P102,2,223.2,Credit Card,446.4
T0169,2026-01-08 00:00:00,C1134,P110,4,3502.81,UPI,14011.24
T0170,2026-01-08 01:00:00,C1028,P105,5,502.81,Net Banking,2514.05
T0171,2026-01-08 02:00:00,C1028,P110,2,4562.32,UPI,9124.64
T0172,2026-01-08 03:00:00,C1108,P133,3,2375.72,UPI,7127.16
T0173,2026-01-08 04:00:00,C1044,P138,3,773.87,UPI,2321.61
T0174,2026-01-08 05:00:00,C1084,P113,2,1770.0,Credit Card,3540.0
T0175,2026-01-08 06:00:00,C1030,P131,1,907.64,Net Banking,907.64
T0176,2026-01-08 07:00:00,C1190,P147,2,935.85,UPI,1871.7
T0177,2026-01-08 08:00:00,C1075,P136,5,4745.73,Credit Card,23728.65
T0178,2026-01-08 09:00:00,C1128,P145,1,2281.71,Debit Card,2281.71
T0179,2026-01-08 10:00:00,C1092,P124,3,3965.13,Debit Card,11895.39
T0180,2026-01-08 11:00:00,C1190,P115,2,3234.07,UPI,6468.14
T0181,2026-01-08 12:00:00,C1129,P129,4,3414.49,Debit Card,13657.96
T0182,2026-01-08 13:00:00,C1121,P108,4,745.3,Net Banking,2981.2
T0183,2026-01-08 14:00:00,C1027,P105,5,1247.5,Debit Card,6237.5
T0184,2026-01-08 15:00:00,C1190,P129,4,3955.08,Debit Card,15820.32
T0185,2026-01-08 16:00:00,C1121,P147,2,4856.75,Net Banking,9713.5
T0186,2026-01-08 17:00:00,C1116,P104,2,1387.11,UPI,2774.22
T0187,2026-01-08 18:00:00,C1003,P112,4,1430.69,UPI,5722.76
T0188,2026-01-08 19:00:00,C1103,P145,2,2417.2,Net Banking,4834.4
T0189,2026-01-08 20:00:00,C1198,P102,5,4920.82,Net Banking,24604.1
T0190,2026-01-08 21:00:00,C1155,P127,1,1417.9,Net Banking,1417.9
T0191,2026-01-08 22:00:00,C1137,P131,5,2094.16,Debit Card,10470.8
T0192,2026-01-08 23:00:00,C1062,P136,5,4468.25,Net Banking,22341.25
T0193,2026-01-09 00:00:00,C1165,P136,2,114.31,Credit Card,228.62
T0194,2026-01-09 01:00:00,C1051,P126,1,294.85,Debit Card,294.85
T0195,2026-01-09 02:00:00,C1172,P143,2,3059.95,UPI,6119.9
T0196,2026-01-09 03:00:00,C1152,P127,3,4546.16,UPI,13638.48
T0197,2026-01-09 04:00:00,C1059,P105,2,1270.4,UPI,2540.8
T0198,2026-01-09 05:00:00,C1118,P120,2,2401.24,Debit Card,4802.48
T0199,2026-01-09 06:00:00,C1160,P111,2,2307.28,Credit Card,4614.56
T0200,2026-01-09 07:00:00,C1096,P110,1,2417.56,Net Banking,2417.56
T0201,2026-01-09 08:00:00,C1180,P140,2,3150.35,Net Banking,6300.7
T0202,2026-01-09 09:00:00,C1113,P138,1,2401.74,UPI,2401.74
T0203,2026-01-09 10:00:00,C1062,P106,4,2292.59,UPI,9170.36
T0204,2026-01-09 11:00:00,C1186,P108,3,2424.01,Debit Card,7272.03
T0205,2026-01-09 12:00:00,C1052,P123,1,2995.25,Credit Card,2995.25
T0206,2026-01-09 13:00:00,C1012,P147,4,2731.34,Net Banking,10925.36
T0207,2026-01-09 14:00:00,C1039,P126,1,4285.27,Debit Card,4285.27
T0208,2026-01-09 15:00:00,C1130,P146,1,342.53,Net Banking,342.53
T0209,2026-01-09 16:00:00,C1131,P143,3,4183.25,UPI,12549.75
T0210,2026-01-09 17:00:00,C1113,P112,5,4235.23,Net Banking,21176.15
T0211,2026-01-09 18:00:00,C1101,P126,5,1496.05,Credit Card,7480.25
T0212,2026-01-09 19:00:00,C1113,P113,1,2367.97,Credit Card,2367.97
T0213,2026-01-09 20:00:00,C1184,P140,2,2248.84,UPI,4497.68
T0214,2026-01-09 21:00:00,C1081,P118,4,1170.7,Credit Card,4682.8
T0215,2026-01-09 22:00:00,C1187,P125,2,2044.3,Credit Card,4088.6
T0216,2026-01-09 23:00:00,C1113,P133,2,317.5,Debit Card,635.0
T0217,2026-01-10 00:00:00,C1002,P147,1,1461.33,Net Banking,1461.33
T0218,2026-01-10 01:00:00,C1130,P140,1,4101.74,UPI,4101.74
T0219,2026-01-10 02:00:00,C1054,P143,1,1494.36,UPI,1494.36
T0220,2026-01-10 03:00:00,C1087,P112,1,4109.21,UPI,4109.21
T0221,2026-01-10 04:00:00,C1129,P144,5,2704.84,UPI,13524.2
T0222,2026-01-10 05:00:00,C1147,P136,1,4411.33,UPI,4411.33
T0223,2026-01-10 06:00:00,C1126,P148,5,2916.42,Credit Card,14582.1
T0224,2026-01-10 07:00:00,C1130,P104,5,245.37,Debit Card,1226.85
T0225,2026-01-10 08:00:00,C1053,P105,1,3409.56,UPI,3409.56
T0226,2026-01-10 09:00:00,C1172,P137,3,319.78,Debit Card,959.34
T0227,2026-01-10 10:00:00,C1160,P108,4,2307.93,Debit Card,9231.72
T0228,2026-01-10 11:00:00,C1198,P142,2,4654.19,Credit Card,9308.38
T0229,2026-01-10 12:00:00,C1160,P149,5,909.5,UPI,4547.5
T0230,2026-01-10 13:00:00,C1068,P128,4,2010.37,Credit Card,8041.48
T0231,2026-01-10 14:00:00,C1183,P131,3,3676.32,UPI,11028.96
T0232,2026-01-10 15:00:00,C1184,P109,2,4423.07,Credit Card,8846.14
T0233,2026-01-10 16:00:00,C1123,P129,2,3387.62,Debit Card,6775.24
T0234,2026-01-10 17:00:00,C1145,P114,5,1365.05,UPI,6825.25
T0235,2026-01-10 18:00:00,C1038,P140,1,3405.58,Net Banking,3405.58
T0236,2026-01-10 19:00:00,C1024,P141,3,1553.97,Debit Card,4661.91
T0237,2026-01-10 20:00:00,C1069,P122,5,3620.3,Net Banking,18101.5
T0238,2026-01-10 21:00:00,C1116,P111,3,4774.76,Debit Card,14324.28
T0239,2026-01-10 22:00:00,C1098,P123,1,3634.83,Credit Card,3634.83
T0240,2026-01-10 23:00:00,C1198,P101,1,4328.11,UPI,4328.11
T0241,2026-01-11 00:00:00,C1139,P146,5,110.31,Debit Card,551.55
T0242,2026-01-11 01:00:00,C1144,P137,1,3616.1,Credit Card,3616.1
T0243,2026-01-11 02:00:00,C1097,P121,4,4164.98,UPI,16659.92
T0244,2026-01-11 03:00:00,C1124,P126,2,298.74,UPI,597.48
T0245,2026-01-11 04:00:00,C1187,P146,5,4370.83,Debit Card,21854.15
T0246,2026-01-11 05:00:00,C1070,P136,3,1357.8,UPI,4073.4
T0247,2026-01-11 06:00:00,C1093,P123,4,3359.93,Debit Card,13439.72
T0248,2026-01-11 07:00:00,C1003,P101,5,4021.74,UPI,20108.7
T0249,2026-01-11 08:00:00,C1148,P140,1,3347.06,Net Banking,3347.06
T0250,2026-01-11 09:00:00,C1187,P115,1,552.2,Credit Card,552.2
T0251,2026-01-11 10:00:00,C1164,P121,1,50000.0,Net Banking,50000.0
T0252,2026-01-11 11:00:00,C1147,P147,1,2792.96,Debit Card,2792.96
T0253,2026-01-11 12:00:00,C1090,P109,3,4511.57,Net Banking,13534.71
T0254,2026-01-11 13:00:00,C1195,P109,4,2080.77,Debit Card,8323.08
T0255,2026-01-11 14:00:00,C1147,P110,2,1673.3,UPI,3346.6
T0256,2026-01-11 15:00:00,C1148,P126,3,3774.27,UPI,11322.81
T0257,2026-01-11 16:00:00,C1096,P141,3,2122.11,Debit Card,6366.33
T0258,2026-01-11 17:00:00,C1199,P135,2,3265.87,Net Banking,6531.74
T0259,2026-01-11 18:00:00,C1052,P125,2,3267.61,UPI,6535.22
T0260,2026-01-11 19:00:00,C1161,P126,1,4451.39,Credit Card,4451.39
T0261,2026-01-11 20:00:00,C1168,P111,3,3033.59,UPI,9100.77
T0262,2026-01-11 21:00:00,C1128,P138,5,2560.55,Credit Card,12802.75
T0263,2026-01-11 22:00:00,C1039,P102,2,780.47,Net Banking,1560.94
T0264,2026-01-11 23:00:00,C1082,P107,2,667.11,Credit Card,1334.22
T0265,2026-01-12 00:00:00,C1104,P118,4,856.18,Credit Card,3424.72
T0266,2026-01-12 01:00:00,C1129,P127,5,942.06,Credit Card,4710.3
T0267,2026-01-12 02:00:00,C1011,P134,5,3225.6,Credit Card,16128.0
T0268,2026-01-12 03:00:00,C1185,P127,2,3730.81,UPI,7461.62
T0269,2026-01-12 04:00:00,C1178,P117,1,2696.96,Credit Card,2696.96
T0270,2026-01-12 05:00:00,C1151,P143,4,4162.19,UPI,16648.76
T0271,2026-01-12 06:00:00,C1159,P144,5,4957.19,Credit Card,24785.95
T0272,2026-01-12 07:00:00,C1042,P124,2,4118.06,Debit Card,8236.12
T0273,2026-01-12 08:00:00,C1099,P125,5,3504.92,Net Banking,17524.6
T0274,2026-01-12 09:00:00,C1007,P107,4,2709.21,Credit Card,10836.84
T0275,2026-01-12 10:00:00,C1144,P106,4,2299.38,Debit Card,9197.52
T0276,2026-01-12 11:00:00,C1090,P124,3,513.52,Credit Card,1540.56
T0277,2026-01-12 12:00:00,C1112,P133,2,2056.91,Credit Card,4113.82
T0278,2026-01-12 13:00:00,C1060,P149,4,4559.66,Credit Card,18238.64
T0279,2026-01-12 14:00:00,C1113,P129,3,4059.31,Debit Card,12177.93
T0280,2026-01-12 15:00:00,C1002,P143,3,1158.65,Net Banking,3475.95
T0281,2026-01-12 16:00:00,C1129,P122,5,2386.38,Debit Card,11931.9
T0282,2026-01-12 17:00:00,C1048,P126,5,4101.94,Net Banking,20509.7
T0283,2026-01-12 18:00:00,C1140,P128,3,430.18,Credit Card,1290.54
T0284,2026-01-12 19:00:00,C1197,P150,5,1998.22,UPI,9991.1
T0285,2026-01-12 20:00:00,C1037,P121,4,4274.02,Credit Card,17096.08
T0286,2026-01-12 21:00:00,C1160,P149,1,2079.1,Net Banking,2079.1
T0287,2026-01-12 22:00:00,C1009,P107,4,480.31,Debit Card,1921.24
T0288,2026-01-12 23:00:00,C1099,P117,3,2758.42,Credit Card,8275.26
T0289,2026-01-13 00:00:00,C1147,P120,3,4322.54,Debit Card,12967.62
T0290,2026-01-13 01:00:00,C1048,P141,4,2992.4,Debit Card,11969.6
T0291,2026-01-13 02:00:00,C1131,P149,5,1208.77,Debit Card,6043.85
T0292,2026-01-13 03:00:00,C1148,P120,5,1982.77,Credit Card,9913.85
T0293,2026-01-13 04:00:00,C1152,P122,3,2305.6,Debit Card,6916.8
T0294,2026-01-13 05:00:00,C1054,P128,2,2938.41,Debit Card,5876.82
T0295,2026-01-13 06:00:00,C1120,P140,5,3820.82,Credit Card,19104.1
T0296,2026-01-13 07:00:00,C1161,P149,4,584.48,Debit Card,2337.92
T0297,2026-01-13 08:00:00,C1152,P107,5,4459.29,Credit Card,22296.45
T0298,2026-01-13 09:00:00,C1116,P101,4,160.32,Net Banking,641.28
T0299,2026-01-13 10:00:00,C1075,P132,3,1913.26,Net Banking,5739.78
T0300,2026-01-13 11:00:00,C1113,P113,5,234.36,Net Banking,1171.8
T0301,2026-01-13 12:00:00,C1164,P130,4,2025.57,Debit Card,8102.28
T0302,2026-01-13 13:00:00,C1166,P123,3,2676.48,UPI,8029.44
T0303,2026-01-13 14:00:00,C1104,P119,2,2607.24,UPI,5214.48
T0304,2026-01-13 15:00:00,C1084,P132,4,911.58,Debit Card,3646.32
T0305,2026-01-13 16:00:00,C1112,P130,2,3264.13,UPI,6528.26
T0306,2026-01-13 17:00:00,C1099,P129,2,319.41,Credit Card,638.82
T0307,2026-01-13 18:00:00,C1153,P149,1,3833.34,UPI,3833.34
T0308,2026-01-13 19:00:00,C1093,P145,5,4738.56,Debit Card,23692.8
T0309,2026-01-13 20:00:00,C1146,P129,4,1764.87,Debit Card,7059.48
T0310,2026-01-13 21:00:00,C1128,P130,2,2634.47,Credit Card,5268.94
T0311,2026-01-13 22:00:00,C1110,P116,1,1956.66,Net Banking,1956.66
T0312,2026-01-13 23:00:00,C1082,P140,3,132.88,Debit Card,398.64
T0313,2026-01-14 00:00:00,C1194,P119,4,1990.79,Credit Card,7963.16
T0314,2026-01-14 01:00:00,C1054,P118,2,3979.43,UPI,7958.86
T0315,2026-01-14 02:00:00,C1163,P101,5,3020.35,UPI,15101.75
T0316,2026-01-14 03:00:00,C1189,P114,1,596.17,Credit Card,596.17
T0317,2026-01-14 04:00:00,C1169,P147,2,4250.98,Credit Card,8501.96
T0318,2026-01-14 05:00:00,C1161,P150,5,2702.32,Debit Card,13511.6
T0319,2026-01-14 06:00:00,C1068,P102,2,4224.44,UPI,8448.88
T0320,2026-01-14 07:00:00,C1033,P128,4,2943.09,Credit Card,11772.36
T0321,2026-01-14 08:00:00,C1142,P149,4,2842.47,UPI,11369.88
T0322,2026-01-14 09:00:00,C1021,P150,4,615.77,Credit Card,2463.08
T0323,2026-01-14 10:00:00,C1048,P130,1,920.06,UPI,920.06
T0324,2026-01-14 11:00:00,C1148,P138,4,4862.92,Net Banking,19451.68
T0325,2026-01-14 12:00:00,C1128,P104,5,1219.59,Debit Card,6097.95
T0326,2026-01-14 13:00:00,C1136,P101,2,4889.52,UPI,9779.04
T0327,2026-01-14 14:00:00,C1135,P108,3,2706.37,Net Banking,8119.11
T0328,2026-01-14 15:00:00,C1195,P129,5,765.37,UPI,3826.85
T0329,2026-01-14 16:00:00,C1145,P139,5,586.58,UPI,2932.9
T0330,2026-01-14 17:00:00,C1128,P103,4,1123.43,Net Banking,4493.72
T0331,2026-01-14 18:00:00,C1033,P132,1,4635.62,UPI,4635.62
T0332,2026-01-14 19:00:00,C1176,P110,2,2129.34,UPI,4258.68
T0333,2026-01-14 20:00:00,C1187,P110,1,2037.63,Debit Card,2037.63
T0334,2026-01-14 21:00:00,C1115,P119,2,1634.71,Net Banking,3269.42
T0335,2026-01-14 22:00:00,C1119,P146,2,820.6,Net Banking,1641.2
T0336,2026-01-14 23:00:00,C1022,P134,1,2490.47,Credit Card,2490.47
T0337,2026-01-15 00:00:00,C1158,P133,5,737.23,UPI,3686.15
T0338,2026-01-15 01:00:00,C1038,P123,2,4193.85,Debit Card,8387.7
T0339,2026-01-15 02:00:00,C1109,P128,1,1914.95,UPI,1914.95
T0340,2026-01-15 03:00:00,C1051,P132,2,1936.54,UPI,3873.08
T0341,2026-01-15 04:00:00,C1182,P150,3,2422.63,Credit Card,7267.89
T0342,2026-01-15 05:00:00,C1008,P107,5,2276.23,UPI,11381.15
T0343,2026-01-15 06:00:00,C1027,P129,4,4974.8,Debit Card,19899.2
T0344,2026-01-15 07:00:00,C1027,P108,2,2772.37,Debit Card,5544.74
T0345,2026-01-15 08:00:00,C1021,P101,3,532.19,Credit Card,1596.57
T0346,2026-01-15 09:00:00,C1030,P103,4,3073.7,UPI,12294.8
T0347,2026-01-15 10:00:00,C1097,P124,4,842.76,Debit Card,3371.04
T0348,2026-01-15 11:00:00,C1028,P123,2,251.59,UPI,503.18
T0349,2026-01-15 12:00:00,C1111,P108,1,4856.64,UPI,4856.64
T0350,2026-01-15 13:00:00,C1192,P147,2,3890.34,UPI,7780.68
T0351,2026-01-15 14:00:00,C1197,P137,3,4902.53,Credit Card,14707.59
T0352,2026-01-15 15:00:00,C1061,P103,4,2441.6,UPI,9766.4
T0353,2026-01-15 16:00:00,C1048,P133,2,2708.06,Debit Card,5416.12
T0354,2026-01-15 17:00:00,C1147,P128,1,924.85,UPI,924.85
T0355,2026-01-15 18:00:00,C1004,P147,2,1309.85,Debit Card,2619.7
T0356,2026-01-15 19:00:00,C1035,P108,5,4208.89,UPI,21044.45
T0357,2026-01-15 20:00:00,C1192,P134,1,1845.31,Debit Card,1845.31
T0358,2026-01-15 21:00:00,C1049,P135,3,4151.39,Debit Card,12454.17
T0359,2026-01-15 22:00:00,C1017,P132,4,3574.17,UPI,14296.68
T0360,2026-01-15 23:00:00,C1172,P124,2,968.14,UPI,1936.28
T0361,2026-01-16 00:00:00,C1158,P114,1,2586.49,Debit Card,2586.49
T0362,2026-01-16 01:00:00,C1046,P132,5,3419.2,Net Banking,17096.0
T0363,2026-01-16 02:00:00,C1117,P146,1,1251.68,Credit Card,1251.68
T0364,2026-01-16 03:00:00,C1006,P143,5,4170.37,Net Banking,20851.85
T0365,2026-01-16 04:00:00,C1099,P116,3,2769.66,Net Banking,8308.98
T0366,2026-01-16 05:00:00,C1124,P104,4,909.69,UPI,3638.76
T0367,2026-01-16 06:00:00,C1037,P137,3,2956.62,Credit Card,8869.86
T0368,2026-01-16 07:00:00,C1024,P121,2,4998.6,Net Banking,9997.2
T0369,2026-01-16 08:00:00,C1093,P114,1,837.56,UPI,837.56
T0370,2026-01-16 09:00:00,C1046,P131,5,4102.11,Net Banking,20510.55
T0371,2026-01-16 10:00:00,C1181,P148,5,1115.81,Net Banking,5579.05
T0372,2026-01-16 11:00:00,C1095,P118,1,3933.7,UPI,3933.7
T0373,2026-01-16 12:00:00,C1099,P107,1,3699.43,UPI,3699.43
T0374,2026-01-16 13:00:00,C1188,P110,2,1572.4,UPI,3144.8
T0375,2026-01-16 14:00:00,C1116,P107,3,1696.53,Credit Card,5089.59
T0376,2026-01-16 15:00:00,C1191,P133,5,3983.35,Net Banking,19916.75
T0377,2026-01-16 16:00:00,C1160,P123,2,2361.08,UPI,4722.16
T0378,2026-01-16 17:00:00,C1161,P121,3,3681.01,Debit Card,11043.03
T0379,2026-01-16 18:00:00,C1067,P119,2,825.12,Net Banking,1650.24
T0380,2026-01-16 19:00:00,C1128,P148,5,4277.53,Debit Card,21387.65
T0381,2026-01-16 20:00:00,C1018,P119,1,3583.34,Credit Card,3583.34
T0382,2026-01-16 21:00:00,C1025,P136,1,4544.02,UPI,4544.02
T0383,2026-01-16 22:00:00,C1054,P129,3,748.62,Debit Card,2245.86
T0384,2026-01-16 23:00:00,C1058,P118,4,3005.77,Credit Card,12023.08
T0385,2026-01-17 00:00:00,C1067,P102,3,3035.69,UPI,9107.07
T0386,2026-01-17 01:00:00,C1104,P101,4,1831.96,Debit Card,7327.84
T0387,2026-01-17 02:00:00,C1174,P147,2,2346.49,Debit Card,4692.98
T0388,2026-01-17 03:00:00,C1024,P105,2,286.11,Credit Card,572.22
T0389,2026-01-17 04:00:00,C1114,P120,5,3754.71,UPI,18773.55
T0390,2026-01-17 05:00:00,C1032,P111,4,2791.68,UPI,11166.72
T0391,2026-01-17 06:00:00,C1175,P142,5,382.93,Debit Card,1914.65
T0392,2026-01-17 07:00:00,C1086,P102,1,3435.7,Debit Card,3435.7
T0393,2026-01-17 08:00:00,C1151,P103,4,2387.23,Debit Card,9548.92
T0394,2026-01-17 09:00:00,C1194,P123,3,268.86,UPI,806.58
T0395,2026-01-17 10:00:00,C1127,P112,1,4851.08,Credit Card,4851.08
T0396,2026-01-17 11:00:00,C1155,P120,1,4750.65,Credit Card,4750.65
T0397,2026-01-17 12:00:00,C1130,P105,3,2613.22,UPI,7839.66
T0398,2026-01-17 13:00:00,C1017,P137,1,558.99,Net Banking,558.99
T0399,2026-01-17 14:00:00,C1104,P138,4,3797.64,Credit Card,15190.56
T0400,2026-01-17 15:00:00,C1161,P130,5,2510.46,Debit Card,12552.3
T0401,2026-01-17 16:00:00,C1137,P109,1,1581.99,Net Banking,1581.99
T0402,2026-01-17 17:00:00,C1043,P134,4,2507.95,Net Banking,10031.8
T0403,2026-01-17 18:00:00,C1176,P144,2,2659.98,Credit Card,5319.96
T0404,2026-01-17 19:00:00,C1039,P135,4,2857.29,Net Banking,11429.16
T0405,2026-01-17 20:00:00,C1170,P122,5,2262.0,Net Banking,11310.0
T0406,2026-01-17 21:00:00,C1026,P144,4,3068.2,Credit Card,12272.8
T0407,2026-01-17 22:00:00,C1099,P124,3,4601.8,Credit Card,13805.4
T0408,2026-01-17 23:00:00,C1050,P117,5,1875.11,Net Banking,9375.55
T0409,2026-01-18 00:00:00,C1153,P110,2,3656.01,Debit Card,7312.02
T0410,2026-01-18 01:00:00,C1152,P130,3,4482.82,UPI,13448.46
T0411,2026-01-18 02:00:00,C1013,P146,4,2334.3,Net Banking,9337.2
T0412,2026-01-18 03:00:00,C1060,P123,5,2272.93,Net Banking,11364.65
T0413,2026-01-18 04:00:00,C1135,P132,2,3050.37,Debit Card,6100.74
T0414,2026-01-18 05:00:00,C1057,P117,3,2997.89,Net Banking,8993.67
T0415,2026-01-18 06:00:00,C1036,P150,2,4052.29,Net Banking,8104.58
T0416,2026-01-18 07:00:00,C1173,P117,4,2434.77,UPI,9739.08
T0417,2026-01-18 08:00:00,C1020,P114,2,4981.0,UPI,9962.0
T0418,2026-01-18 09:00:00,C1065,P109,1,391.41,UPI,391.41
T0419,2026-01-18 10:00:00,C1008,P140,3,115.52,Credit Card,346.56
T0420,2026-01-18 11:00:00,C1144,P102,2,3236.97,Credit Card,6473.94
T0421,2026-01-18 12:00:00,C1142,P145,4,1562.33,UPI,6249.32
T0422,2026-01-18 13:00:00,C1115,P125,4,1277.87,UPI,5111.48
T0423,2026-01-18 14:00:00,C1143,P139,2,1628.31,Credit Card,3256.62
T0424,2026-01-18 15:00:00,C1092,P109,4,1354.63,Debit Card,5418.52
T0425,2026-01-18 16:00:00,C1098,P122,5,250.87,Net Banking,1254.35
T0426,2026-01-18 17:00:00,C1066,P143,5,4860.51,Net Banking,24302.55
T0427,2026-01-18 18:00:00,C1032,P146,5,1181.65,UPI,5908.25
T0428,2026-01-18 19:00:00,C1191,P104,1,3696.75,Debit Card,3696.75
T0429,2026-01-18 20:00:00,C1086,P126,2,3836.72,Credit Card,7673.44
T0430,2026-01-18 21:00:00,C1051,P129,1,4653.36,UPI,4653.36
T0431,2026-01-18 22:00:00,C1153,P145,4,249.69,Debit Card,998.76
T0432,2026-01-18 23:00:00,C1186,P134,1,4373.04,Debit Card,4373.04
T0433,2026-01-19 00:00:00,C1063,P123,4,2683.41,Debit Card,10733.64
T0434,2026-01-19 01:00:00,C1190,P137,4,3199.47,Credit Card,12797.88
T0435,2026-01-19 02:00:00,C1125,P111,3,3257.9,Credit Card,9773.7
T0436,2026-01-19 03:00:00,C1150,P106,5,4117.01,Net Banking,20585.05
T0437,2026-01-19 04:00:00,C1058,P118,4,1733.7,Net Banking,6934.8
T0438,2026-01-19 05:00:00,C1058,P121,3,3691.95,Debit Card,11075.85
T0439,2026-01-19 06:00:00,C1086,P142,5,2690.03,Debit Card,13450.15
T0440,2026-01-19 07:00:00,C1049,P136,4,3987.63,Credit Card,15950.52
T0441,2026-01-19 08:00:00,C1180,P141,4,4953.68,Net Banking,19814.72
T0442,2026-01-19 09:00:00,C1170,P138,1,1083.19,Debit Card,1083.19
T0443,2026-01-19 10:00:00,C1070,P134,1,4973.78,Net Banking,4973.78
T0444,2026-01-19 11:00:00,C1015,P117,5,540.08,Net Banking,2700.4
T0445,2026-01-19 12:00:00,C1054,P137,4,111.36,Debit Card,445.44
T0446,2026-01-19 13:00:00,C1188,P125,2,316.39,Credit Card,632.78
T0447,2026-01-19 14:00:00,C1101,P138,1,1774.73,Debit Card,1774.73
T0448,2026-01-19 15:00:00,C1008,P112,5,3201.24,Debit Card,16006.2
T0449,2026-01-19 16:00:00,C1053,P123,4,438.24,Net Banking,1752.96
T0450,2026-01-19 17:00:00,C1060,P142,4,127.76,Debit Card,511.04
T0451,2026-01-19 18:00:00,C1108,P122,2,4691.75,Credit Card,9383.5
T0452,2026-01-19 19:00:00,C1005,P121,5,4127.44,Debit Card,20637.2
T0453,2026-01-19 20:00:00,C1103,P127,4,4065.0,Credit Card,16260.0
T0454,2026-01-19 21:00:00,C1196,P131,1,4433.68,Credit Card,4433.68
T0455,2026-01-19 22:00:00,C1006,P106,2,3530.17,Net Banking,7060.34
T0456,2026-01-19 23:00:00,C1109,P127,5,611.58,UPI,3057.9
T0457,2026-01-20 00:00:00,C1116,P140,2,2055.59,UPI,4111.18
T0458,2026-01-20 01:00:00,C1094,P134,1,3643.43,Net Banking,3643.43
T0459,2026-01-20 02:00:00,C1047,P112,5,1473.64,Debit Card,7368.2
T0460,2026-01-20 03:00:00,C1099,P145,2,3468.29,Net Banking,6936.58
T0461,2026-01-20 04:00:00,C1055,P107,3,220.04,Credit Card,660.12
T0462,2026-01-20 05:00:00,C1168,P110,1,1600.07,UPI,1600.07
T0463,2026-01-20 06:00:00,C1052,P145,1,2790.74,Net Banking,2790.74
T0464,2026-01-20 07:00:00,C1144,P117,1,3197.24,Debit Card,3197.24
T0465,2026-01-20 08:00:00,C1013,P126,3,2927.5,Net Banking,8782.5
T0466,2026-01-20 09:00:00,C1114,P121,3,3519.01,UPI,10557.03
T0467,2026-01-20 10:00:00,C1124,P128,4,129.83,Net Banking,519.32
T0468,2026-01-20 11:00:00,C1106,P146,2,594.61,Net Banking,1189.22
T0469,2026-01-20 12:00:00,C1158,P102,4,4357.83,UPI,17431.32
T0470,2026-01-20 13:00:00,C1147,P143,2,3440.57,Credit Card,6881.14
T0471,2026-01-20 14:00:00,C1145,P101,3,653.37,Credit Card,1960.11
T0472,2026-01-20 15:00:00,C1120,P136,3,4226.16,UPI,12678.48
T0473,2026-01-20 16:00:00,C1063,P126,4,1286.93,Net Banking,5147.72
T0474,2026-01-20 17:00:00,C1019,P129,5,2443.47,UPI,12217.35
T0475,2026-01-20 18:00:00,C1092,P121,4,811.46,Credit Card,3245.84
T0476,2026-01-20 19:00:00,C1058,P111,2,3579.54,Debit Card,7159.08
T0477,2026-01-20 20:00:00,C1183,P140,4,3367.59,Net Banking,13470.36
T0478,2026-01-20 21:00:00,C1090,P111,1,1134.45,Credit Card,1134.45
T0479,2026-01-20 22:00:00,C1117,P136,2,4330.66,Net Banking,8661.32
T0480,2026-01-20 23:00:00,C1062,P149,2,2066.4,UPI,4132.8
T0481,2026-01-21 00:00:00,C1023,P139,5,1533.32,Debit Card,7666.6
T0482,2026-01-21 01:00:00,C1127,P140,3,846.41,UPI,2539.23
T0483,2026-01-21 02:00:00,C1137,P135,2,1404.22,Debit Card,2808.44
T0484,2026-01-21 03:00:00,C1140,P134,3,207.93,Net Banking,623.79
T0485,2026-01-21 04:00:00,C1129,P147,4,2957.96,Net Banking,11831.84
T0486,2026-01-21 05:00:00,C1058,P124,1,4226.93,UPI,4226.93
T0487,2026-01-21 06:00:00,C1122,P122,5,2790.0,Debit Card,13950.0
T0488,2026-01-21 07:00:00,C1001,P105,3,1174.44,Debit Card,3523.32
T0489,2026-01-21 08:00:00,C1034,P133,2,264.98,Net Banking,529.96
T0490,2026-01-21 09:00:00,C1096,P136,3,1151.68,UPI,3455.04
T0491,2026-01-21 10:00:00,C1126,P147,2,2138.99,Debit Card,4277.98
T0492,2026-01-21 11:00:00,C1118,P120,3,3822.1,Net Banking,11466.3
T0493,2026-01-21 12:00:00,C1048,P119,2,1020.43,Credit Card,2040.86
T0494,2026-01-21 13:00:00,C1089,P135,4,3626.98,UPI,14507.92
T0495,2026-01-21 14:00:00,C1117,P143,2,4347.97,Credit Card,8695.94
T0496,2026-01-21 15:00:00,C1129,P117,2,2324.34,UPI,4648.68
T0497,2026-01-21 16:00:00,C1016,P145,1,4125.02,Net Banking,4125.02
T0498,2026-01-21 17:00:00,C1189,P143,2,2817.82,Debit Card,5635.64
T0499,2026-01-21 18:00:00,C1192,P134,1,3221.75,Debit Card,3221.75
T0500,2026-01-21 19:00:00,C1191,P109,5,2678.76,Debit Card,13393.8
T0501,2026-01-21 20:00:00,C1069,P126,200,75000.0,UPI,15000000.0
T0502,2026-01-21 21:00:00,C1022,P102,4,1249.8,Net Banking,4999.2
T0503,2026-01-21 22:00:00,C1093,P109,1,1585.65,Credit Card,1585.65
T0504,2026-01-21 23:00:00,C1195,P109,5,1520.85,Net Banking,7604.25
T0505,2026-01-22 00:00:00,C1076,P140,4,2860.12,Credit Card,11440.48
T0506,2026-01-22 01:00:00,C1154,P117,3,687.77,UPI,2063.31
T0507,2026-01-22 02:00:00,C1144,P101,3,4592.28,UPI,13776.84
T0508,2026-01-22 03:00:00,C1179,P125,1,3631.21,Credit Card,3631.21
T0509,2026-01-22 04:00:00,C1086,P143,1,2067.08,Credit Card,2067.08
T0510,2026-01-22 05:00:00,C1185,P140,5,877.26,Credit Card,4386.3
T0511,2026-01-22 06:00:00,C1029,P142,5,4421.76,Net Banking,22108.8
T0512,2026-01-22 07:00:00,C1069,P125,2,4136.51,Credit Card,8273.02
T0513,2026-01-22 08:00:00,C1047,P139,5,3636.44,UPI,18182.2
T0514,2026-01-22 09:00:00,C1094,P135,2,1430.58,UPI,2861.16
T0515,2026-01-22 10:00:00,C1190,P103,4,2071.99,Debit Card,8287.96
T0516,2026-01-22 11:00:00,C1197,P150,1,603.47,Credit Card,603.47
T0517,2026-01-22 12:00:00,C1144,P137,4,1026.29,Net Banking,4105.16
T0518,2026-01-22 13:00:00,C1176,P144,5,3936.78,Net Banking,19683.9
T0519,2026-01-22 14:00:00,C1085,P144,4,3603.69,Net Banking,14414.76
T0520,2026-01-22 15:00:00,C1039,P130,4,3008.08,Debit Card,12032.32
T0521,2026-01-22 16:00:00,C1100,P138,4,4489.06,UPI,17956.24
T0522,2026-01-22 17:00:00,C1033,P134,5,2958.01,Net Banking,14790.05
T0523,2026-01-22 18:00:00,C1101,P112,4,2388.14,UPI,9552.56
T0524,2026-01-22 19:00:00,C1023,P119,2,1767.82,Debit Card,3535.64
T0525,2026-01-22 20:00:00,C1010,P137,5,4708.2,Credit Card,23541.0
T0526,2026-01-22 21:00:00,C1069,P144,4,505.31,Credit Card,2021.24
T0527,2026-01-22 22:00:00,C1100,P149,5,4661.35,Credit Card,23306.75
T0528,2026-01-22 23:00:00,C1034,P117,3,4150.9,Net Banking,12452.7
T0529,2026-01-23 00:00:00,C1180,P110,2,736.66,Credit Card,1473.32
T0530,2026-01-23 01:00:00,C1138,P149,4,2868.42,Net Banking,11473.68
T0531,2026-01-23 02:00:00,C1147,P147,3,4346.09,Debit Card,13038.27
T0532,2026-01-23 03:00:00,C1186,P112,3,2901.86,Debit Card,8705.58
T0533,2026-01-23 04:00:00,C1096,P116,5,4545.28,Net Banking,22726.4
T0534,2026-01-23 05:00:00,C1001,P124,3,4720.62,UPI,14161.86
T0535,2026-01-23 06:00:00,C1069,P119,2,2169.68,Credit Card,4339.36
T0536,2026-01-23 07:00:00,C1004,P108,2,1948.84,Credit Card,3897.68
T0537,2026-01-23 08:00:00,C1016,P131,1,4687.97,Credit Card,4687.97
T0538,2026-01-23 09:00:00,C1024,P121,2,3408.19,Net Banking,6816.38
T0539,2026-01-23 10:00:00,C1080,P117,3,668.51,Debit Card,2005.53
T0540,2026-01-23 11:00:00,C1002,P123,2,307.23,Credit Card,614.46
T0541,2026-01-23 12:00:00,C1128,P137,5,2866.68,Debit Card,14333.4
T0542,2026-01-23 13:00:00,C1160,P116,1,4657.84,Credit Card,4657.84
T0543,2026-01-23 14:00:00,C1084,P106,3,4236.82,Credit Card,12710.46
T0544,2026-01-23 15:00:00,C1152,P108,1,3411.65,Net Banking,3411.65
T0545,2026-01-23 16:00:00,C1140,P125,3,781.67,UPI,2345.01
T0546,2026-01-23 17:00:00,C1178,P118,5,1345.73,Net Banking,6728.65
T0547,2026-01-23 18:00:00,C1163,P125,1,4390.01,Credit Card,4390.01
T0548,2026-01-23 19:00:00,C1124,P112,4,995.76,Credit Card,3983.04
T0549,2026-01-23 20:00:00,C1033,P115,3,1464.35,UPI,4393.05
T0550,2026-01-23 21:00:00,C1161,P126,4,735.04,Debit Card,2940.16
T0551,2026-01-23 22:00:00,C1189,P141,1,3412.93,Debit Card,3412.93
T0552,2026-01-23 23:00:00,C1179,P145,4,4725.51,Credit Card,18902.04
T0553,2026-01-24 00:00:00,C1171,P126,4,1417.94,Debit Card,5671.76
T0554,2026-01-24 01:00:00,C1101,P147,1,2429.49,Credit Card,2429.49
T0555,2026-01-24 02:00:00,C1012,P132,5,3208.26,UPI,16041.3
T0556,2026-01-24 03:00:00,C1067,P110,4,4997.38,UPI,19989.52
T0557,2026-01-24 04:00:00,C1065,P116,4,613.56,Credit Card,2454.24
T0558,2026-01-24 05:00:00,C1161,P107,5,2543.0,UPI,12715.0
T0559,2026-01-24 06:00:00,C1168,P117,4,1987.09,Net Banking,7948.36
T0560,2026-01-24 07:00:00,C1074,P123,4,4342.52,Net Banking,17370.08
T0561,2026-01-24 08:00:00,C1043,P126,4,2432.24,UPI,9728.96
T0562,2026-01-24 09:00:00,C1044,P121,2,643.79,Credit Card,1287.58
T0563,2026-01-24 10:00:00,C1029,P122,5,3208.68,Credit Card,16043.4
T0564,2026-01-24 11:00:00,C1141,P107,4,3876.83,UPI,15507.32
T0565,2026-01-24 12:00:00,C1012,P114,5,114.12,Debit Card,570.6
T0566,2026-01-24 13:00:00,C1095,P115,3,4308.89,Net Banking,12926.67
T0567,2026-01-24 14:00:00,C1046,P107,3,1011.51,Debit Card,3034.53
T0568,2026-01-24 15:00:00,C1130,P109,4,2805.14,Credit Card,11220.56
T0569,2026-01-24 16:00:00,C1035,P148,5,2137.41,Credit Card,10687.05
T0570,2026-01-24 17:00:00,C1081,P108,5,3626.3,Debit Card,18131.5
T0571,2026-01-24 18:00:00,C1090,P150,5,1918.69,UPI,9593.45
T0572,2026-01-24 19:00:00,C1008,P123,2,4361.84,Debit Card,8723.68
T0573,2026-01-24 20:00:00,C1093,P129,3,3679.43,Debit Card,11038.29
T0574,2026-01-24 21:00:00,C1154,P118,5,3273.79,Net Banking,16368.95
T0575,2026-01-24 22:00:00,C1090,P131,5,4001.58,Net Banking,20007.9
T0576,2026-01-24 23:00:00,C1162,P130,2,3794.71,Debit Card,7589.42
T0577,2026-01-25 00:00:00,C1115,P139,2,276.1,Debit Card,552.2
T0578,2026-01-25 01:00:00,C1105,P135,5,2034.2,Credit Card,10171.0
T0579,2026-01-25 02:00:00,C1135,P118,1,4660.96,Net Banking,4660.96
T0580,2026-01-25 03:00:00,C1196,P142,5,716.05,Net Banking,3580.25
T0581,2026-01-25 04:00:00,C1058,P139,5,3711.77,Credit Card,18558.85
T0582,2026-01-25 05:00:00,C1114,P117,2,4875.5,UPI,9751.0
T0583,2026-01-25 06:00:00,C1075,P114,2,355.77,Net Banking,711.54
T0584,2026-01-25 07:00:00,C1157,P131,5,3442.75,Net Banking,17213.75
T0585,2026-01-25 08:00:00,C1120,P124,5,2393.96,UPI,11969.8
T0586,2026-01-25 09:00:00,C1164,P135,5,2937.96,Net Banking,14689.8
T0587,2026-01-25 10:00:00,C1021,P144,2,518.17,Net Banking,1036.34
T0588,2026-01-25 11:00:00,C1164,P145,5,310.73,UPI,1553.65
T0589,2026-01-25 12:00:00,C1138,P134,5,3367.65,UPI,16838.25
T0590,2026-01-25 13:00:00,C1101,P103,4,4134.22,Debit Card,16536.88
T0591,2026-01-25 14:00:00,C1152,P137,1,3931.88,Credit Card,3931.88
T0592,2026-01-25 15:00:00,C1192,P143,3,2764.65,Credit Card,8293.95
T0593,2026-01-25 16:00:00,C1177,P140,1,589.35,UPI,589.35
T0594,2026-01-25 17:00:00,C1099,P126,4,3471.42,UPI,13885.68
T0595,2026-01-25 18:00:00,C1036,P123,3,1285.26,Net Banking,3855.78
T0596,2026-01-25 19:00:00,C1096,P144,5,4564.24,Debit Card,22821.2
T0597,2026-01-25 20:00:00,C1152,P139,4,4207.5,Debit Card,16830.0
T0598,2026-01-25 21:00:00,C1151,P115,5,3575.98,UPI,17879.9
T0599,2026-01-25 22:00:00,C1190,P149,2,4749.35,Net Banking,9498.7
T0600,2026-01-25 23:00:00,C1037,P104,4,253.97,Net Banking,1015.88
T0601,2026-01-26 00:00:00,C1012,P129,2,3707.38,Credit Card,7414.76
T0602,2026-01-26 01:00:00,C1113,P122,4,1718.19,Credit Card,6872.76
T0603,2026-01-26 02:00:00,C1183,P125,4,4539.72,Net Banking,18158.88
T0604,2026-01-26 03:00:00,C1013,P113,2,1406.71,Credit Card,2813.42
T0605,2026-01-26 04:00:00,C1023,P118,3,3651.8,UPI,10955.4
T0606,2026-01-26 05:00:00,C1099,P133,1,4400.47,Net Banking,4400.47
T0607,2026-01-26 06:00:00,C1105,P116,5,304.12,Credit Card,1520.6
T0608,2026-01-26 07:00:00,C1030,P145,4,2048.47,Debit Card,8193.88
T0609,2026-01-26 08:00:00,C1017,P142,5,3835.31,Net Banking,19176.55
T0610,2026-01-26 09:00:00,C1113,P144,2,2329.1,Net Banking,4658.2
T0611,2026-01-26 10:00:00,C1062,P102,5,1409.54,Debit Card,7047.7
T0612,2026-01-26 11:00:00,C1084,P135,2,1177.05,UPI,2354.1
T0613,2026-01-26 12:00:00,C1112,P142,5,744.44,Debit Card,3722.2
T0614,2026-01-26 13:00:00,C1086,P134,1,4299.93,Net Banking,4299.93
T0615,2026-01-26 14:00:00,C1141,P130,1,2919.24,UPI,2919.24
T0616,2026-01-26 15:00:00,C1187,P113,1,474.29,Credit Card,474.29
T0617,2026-01-26 16:00:00,C1019,P113,1,1974.64,Credit Card,1974.64
T0618,2026-01-26 17:00:00,C1177,P118,1,1901.89,Credit Card,1901.89
T0619,2026-01-26 18:00:00,C1100,P132,1,990.52,Net Banking,990.52
T0620,2026-01-26 19:00:00,C1140,P132,2,2233.99,Debit Card,4467.98
T0621,2026-01-26 20:00:00,C1189,P135,4,1727.29,UPI,6909.16
T0622,2026-01-26 21:00:00,C1147,P139,5,1774.84,Credit Card,8874.2
T0623,2026-01-26 22:00:00,C1076,P146,1,3721.23,UPI,3721.23
T0624,2026-01-26 23:00:00,C1009,P129,2,1193.99,Net Banking,2387.98
T0625,2026-01-27 00:00:00,C1199,P149,2,3245.11,Credit Card,6490.22
T0626,2026-01-27 01:00:00,C1028,P129,2,2896.18,Net Banking,5792.36
T0627,2026-01-27 02:00:00,C1128,P144,4,2883.65,Debit Card,11534.6
T0628,2026-01-27 03:00:00,C1052,P116,5,3348.74,Net Banking,16743.7
T0629,2026-01-27 04:00:00,C1083,P144,4,2787.07,Net Banking,11148.28
T0630,2026-01-27 05:00:00,C1111,P147,3,4408.35,Debit Card,13225.05
T0631,2026-01-27 06:00:00,C1144,P110,2,3410.34,UPI,6820.68
T0632,2026-01-27 07:00:00,C1117,P130,3,2780.12,Debit Card,8340.36
T0633,2026-01-27 08:00:00,C1069,P125,1,4165.84,Debit Card,4165.84
T0634,2026-01-27 09:00:00,C1099,P139,1,3070.12,Net Banking,3070.12
T0635,2026-01-27 10:00:00,C1140,P120,4,1526.61,UPI,6106.44
T0636,2026-01-27 11:00:00,C1025,P105,5,1114.77,Credit Card,5573.85
T0637,2026-01-27 12:00:00,C1180,P101,3,846.41,Debit Card,2539.23
T0638,2026-01-27 13:00:00,C1123,P130,5,4507.33,UPI,22536.65
T0639,2026-01-27 14:00:00,C1053,P149,4,3579.66,Debit Card,14318.64
T0640,2026-01-27 15:00:00,C1151,P103,1,4693.15,Debit Card,4693.15
T0641,2026-01-27 16:00:00,C1144,P145,5,3056.13,Debit Card,15280.65
T0642,2026-01-27 17:00:00,C1057,P114,5,2419.66,Debit Card,12098.3
T0643,2026-01-27 18:00:00,C1039,P130,1,392.61,Net Banking,392.61
T0644,2026-01-27 19:00:00,C1109,P150,3,3391.05,UPI,10173.15
T0645,2026-01-27 20:00:00,C1181,P104,1,2952.82,UPI,2952.82
T0646,2026-01-27 21:00:00,C1042,P118,5,4952.02,UPI,24760.1
T0647,2026-01-27 22:00:00,C1186,P137,3,1271.88,Debit Card,3815.64
T0648,2026-01-27 23:00:00,C1167,P125,3,2700.61,Net Banking,8101.83
T0649,2026-01-28 00:00:00,C1142,P148,1,3289.69,Debit Card,3289.69
T0650,2026-01-28 01:00:00,C1122,P101,5,3258.5,Debit Card,16292.5
T0651,2026-01-28 02:00:00,C1133,P146,4,2850.34,UPI,11401.36
T0652,2026-01-28 03:00:00,C1163,P115,5,3906.95,Debit Card,19534.75
T0653,2026-01-28 04:00:00,C1075,P109,2,1104.41,Credit Card,2208.82
T0654,2026-01-28 05:00:00,C1146,P115,4,3655.57,Debit Card,14622.28
T0655,2026-01-28 06:00:00,C1076,P149,3,3136.7,Credit Card,9410.1
T0656,2026-01-28 07:00:00,C1009,P124,4,4490.77,Debit Card,17963.08
T0657,2026-01-28 08:00:00,C1074,P104,3,4251.25,Net Banking,12753.75
T0658,2026-01-28 09:00:00,C1186,P112,3,1644.22,Net Banking,4932.66
T0659,2026-01-28 10:00:00,C1145,P137,4,1453.56,UPI,5814.24
T0660,2026-01-28 11:00:00,C1007,P137,3,4910.1,Debit Card,14730.3
T0661,2026-01-28 12:00:00,C1174,P143,3,2683.6,Credit Card,8050.8
T0662,2026-01-28 13:00:00,C1141,P106,2,4541.46,Credit Card,9082.92
T0663,2026-01-28 14:00:00,C1168,P139,5,903.02,Debit Card,4515.1
T0664,2026-01-28 15:00:00,C1170,P146,5,3249.81,Credit Card,16249.05
T0665,2026-01-28 16:00:00,C1137,P124,2,4068.31,Net Banking,8136.62
T0666,2026-01-28 17:00:00,C1178,P111,4,4742.24,Credit Card,18968.96
T0667,2026-01-28 18:00:00,C1027,P113,1,1752.97,UPI,1752.97
T0668,2026-01-28 19:00:00,C1122,P134,1,3652.41,Net Banking,3652.41
T0669,2026-01-28 20:00:00,C1194,P125,1,2740.18,Net Banking,2740.18
T0670,2026-01-28 21:00:00,C1005,P107,2,397.08,Net Banking,794.16
T0671,2026-01-28 22:00:00,C1029,P104,2,3481.0,Debit Card,6962.0
T0672,2026-01-28 23:00:00,C1165,P108,3,3481.47,Debit Card,10444.41
T0673,2026-01-29 00:00:00,C1166,P120,1,4659.97,Net Banking,4659.97
T0674,2026-01-29 01:00:00,C1083,P129,4,2536.83,Debit Card,10147.32
T0675,2026-01-29 02:00:00,C1136,P145,4,1228.23,Credit Card,4912.92
T0676,2026-01-29 03:00:00,C1109,P146,1,318.36,Debit Card,318.36
T0677,2026-01-29 04:00:00,C1065,P110,1,2136.65,Debit Card,2136.65
T0678,2026-01-29 05:00:00,C1086,P143,1,1579.39,Net Banking,1579.39
T0679,2026-01-29 06:00:00,C1145,P134,2,3829.33,UPI,7658.66
T0680,2026-01-29 07:00:00,C1071,P126,2,1835.91,UPI,3671.82
T0681,2026-01-29 08:00:00,C1045,P141,2,4750.45,UPI,9500.9
T0682,2026-01-29 09:00:00,C1132,P149,5,4815.32,Credit Card,24076.6
T0683,2026-01-29 10:00:00,C1036,P103,4,3142.45,Debit Card,12569.8
T0684,2026-01-29 11:00:00,C1070,P106,4,4650.44,UPI,18601.76
T0685,2026-01-29 12:00:00,C1159,P105,3,3828.19,Net Banking,11484.57
T0686,2026-01-29 13:00:00,C1019,P105,2,2779.61,UPI,5559.22
T0687,2026-01-29 14:00:00,C1189,P147,5,983.51,UPI,4917.55
T0688,2026-01-29 15:00:00,C1108,P123,5,2347.13,Debit Card,11735.65
T0689,2026-01-29 16:00:00,C1182,P149,4,2848.28,Debit Card,11393.12
T0690,2026-01-29 17:00:00,C1167,P109,2,4333.41,Debit Card,8666.82
T0691,2026-01-29 18:00:00,C1091,P135,3,2458.53,Credit Card,7375.59
T0692,2026-01-29 19:00:00,C1090,P120,2,4498.61,Credit Card,8997.22
T0693,2026-01-29 20:00:00,C1019,P149,1,3404.31,UPI,3404.31
T0694,2026-01-29 21:00:00,C1039,P142,2,771.3,Debit Card,1542.6
T0695,2026-01-29 22:00:00,C1126,P135,1,4975.41,UPI,4975.41
T0696,2026-01-29 23:00:00,C1195,P150,1,2683.44,Net Banking,2683.44
T0697,2026-01-30 00:00:00,C1173,P118,3,2020.11,Net Banking,6060.33
T0698,2026-01-30 01:00:00,C1141,P117,4,3329.66,Debit Card,13318.64
T0699,2026-01-30 02:00:00,C1126,P124,2,633.58,Debit Card,1267.16
T0700,2026-01-30 03:00:00,C1058,P103,1,3219.04,Net Banking,3219.04
T0701,2026-01-30 04:00:00,C1148,P132,2,2541.36,Debit Card,5082.72
T0702,2026-01-30 05:00:00,C1061,P135,4,2092.7,Credit Card,8370.8
T0703,2026-01-30 06:00:00,C1127,P138,4,4769.8,Credit Card,19079.2
T0704,2026-01-30 07:00:00,C1105,P113,5,2660.44,Debit Card,13302.2
T0705,2026-01-30 08:00:00,C1167,P147,4,1173.68,Net Banking,4694.72
T0706,2026-01-30 09:00:00,C1001,P125,3,2348.92,UPI,7046.76
T0707,2026-01-30 10:00:00,C1131,P109,1,4605.0,Debit Card,4605.0
T0708,2026-01-30 11:00:00,C1092,P104,5,962.87,Debit Card,4814.35
T0709,2026-01-30 12:00:00,C1190,P114,3,1148.39,UPI,3445.17
T0710,2026-01-30 13:00:00,C1191,P137,2,163.84,Debit Card,327.68
T0711,2026-01-30 14:00:00,C1113,P134,1,169.53,UPI,169.53
T0712,2026-01-30 15:00:00,C1153,P111,4,4164.02,Net Banking,16656.08
T0713,2026-01-30 16:00:00,C1056,P141,1,3687.4,Credit Card,3687.4
T0714,2026-01-30 17:00:00,C1161,P103,2,1839.7,Net Banking,3679.4
T0715,2026-01-30 18:00:00,C1166,P128,5,3521.72,Credit Card,17608.6
T0716,2026-01-30 19:00:00,C1117,P129,5,2036.51,UPI,10182.55
T0717,2026-01-30 20:00:00,C1134,P109,5,4769.19,Credit Card,23845.95
T0718,2026-01-30 21:00:00,C1058,P103,4,4838.56,Net Banking,19354.24
T0719,2026-01-30 22:00:00,C1044,P125,3,2024.69,Credit Card,6074.07
T0720,2026-01-30 23:00:00,C1173,P134,3,4285.69,UPI,12857.07
T0721,2026-01-31 00:00:00,C1160,P112,1,3888.14,Credit Card,3888.14
T0722,2026-01-31 01:00:00,C1173,P142,4,1619.0,Debit Card,6476.0
T0723,2026-01-31 02:00:00,C1061,P109,5,1237.0,Net Banking,6185.0
T0724,2026-01-31 03:00:00,C1047,P115,5,2345.35,Debit Card,11726.75
T0725,2026-01-31 04:00:00,C1149,P140,2,3928.61,UPI,7857.22
T0726,2026-01-31 05:00:00,C1080,P125,2,4804.82,Credit Card,9609.64
T0727,2026-01-31 06:00:00,C1118,P105,5,3841.54,Debit Card,19207.7
T0728,2026-01-31 07:00:00,C1164,P111,5,4290.51,Debit Card,21452.55
T0729,2026-01-31 08:00:00,C1147,P134,4,3055.02,Credit Card,12220.08
T0730,2026-01-31 09:00:00,C1020,P124,3,4193.5,Credit Card,12580.5
T0731,2026-01-31 10:00:00,C1185,P115,2,3943.66,Net Banking,7887.32
T0732,2026-01-31 11:00:00,C1146,P138,3,1947.23,Debit Card,5841.69
T0733,2026-01-31 12:00:00,C1047,P108,4,2804.75,Debit Card,11219.0
T0734,2026-01-31 13:00:00,C1049,P105,5,4043.29,UPI,20216.45
T0735,2026-01-31 14:00:00,C1014,P148,3,325.68,Net Banking,977.04
T0736,2026-01-31 15:00:00,C1143,P126,5,4059.59,UPI,20297.95
T0737,2026-01-31 16:00:00,C1159,P118,5,971.65,Debit Card,4858.25
T0738,2026-01-31 17:00:00,C1001,P106,1,2621.95,UPI,2621.95
T0739,2026-01-31 18:00:00,C1117,P137,3,4060.55,Debit Card,12181.65
T0740,2026-01-31 19:00:00,C1054,P148,3,1343.72,Debit Card,4031.16
T0741,2026-01-31 20:00:00,C1118,P113,5,1304.46,UPI,6522.3
T0742,2026-01-31 21:00:00,C1003,P128,4,2073.55,UPI,8294.2
T0743,2026-01-31 22:00:00,C1144,P105,1,4483.75,Credit Card,4483.75
T0744,2026-01-31 23:00:00,C1185,P113,5,102.17,Credit Card,510.85
T0745,2026-02-01 00:00:00,C1012,P117,2,4516.78,Credit Card,9033.56
T0746,2026-02-01 01:00:00,C1074,P150,2,853.65,Debit Card,1707.3
T0747,2026-02-01 02:00:00,C1016,P140,1,4951.42,UPI,4951.42
T0748,2026-02-01 03:00:00,C1102,P145,4,4778.75,Net Banking,19115.0
T0749,2026-02-01 04:00:00,C1152,P132,5,2523.91,Debit Card,12619.55
T0750,2026-02-01 05:00:00,C1156,P129,3,2612.33,Net Banking,7836.99
T0751,2026-02-01 06:00:00,C1117,P103,1,2459.59,UPI,-5000.0
T0752,2026-02-01 07:00:00,C1008,P140,4,3213.67,Debit Card,12854.68
T0753,2026-02-01 08:00:00,C1122,P134,3,544.54,Net Banking,1633.62
T0754,2026-02-01 09:00:00,C1092,P140,2,259.83,Net Banking,519.66
T0755,2026-02-01 10:00:00,C1164,P127,2,382.74,Credit Card,765.48
T0756,2026-02-01 11:00:00,C1090,P113,3,2277.39,Credit Card,6832.17
T0757,2026-02-01 12:00:00,C1136,P145,1,1450.18,Credit Card,1450.18
T0758,2026-02-01 13:00:00,C1186,P133,2,3147.99,Debit Card,6295.98
T0759,2026-02-01 14:00:00,C1060,P106,5,4962.97,UPI,24814.85
T0760,2026-02-01 15:00:00,C1178,P124,3,1992.98,UPI,5978.94
T0761,2026-02-01 16:00:00,C1028,P119,3,2911.82,Credit Card,8735.46
T0762,2026-02-01 17:00:00,C1101,P116,2,2136.46,Credit Card,4272.92
T0763,2026-02-01 18:00:00,C1041,P140,1,4251.63,Credit Card,4251.63
T0764,2026-02-01 19:00:00,C1192,P128,5,4520.96,Net Banking,22604.8
T0765,2026-02-01 20:00:00,C1155,P133,1,4399.04,Credit Card,4399.04
T0766,2026-02-01 21:00:00,C1191,P148,4,4874.42,Net Banking,19497.68
T0767,2026-02-01 22:00:00,C1145,P141,4,234.84,UPI,939.36
T0768,2026-02-01 23:00:00,C1161,P113,2,4215.1,Debit Card,8430.2
T0769,2026-02-02 00:00:00,C1157,P143,2,3783.68,Debit Card,7567.36
T0770,2026-02-02 01:00:00,C1141,P145,2,1220.6,Debit Card,2441.2
T0771,2026-02-02 02:00:00,C1046,P125,4,4785.97,Debit Card,19143.88
T0772,2026-02-02 03:00:00,C1035,P142,1,826.07,Net Banking,826.07
T0773,2026-02-02 04:00:00,C1134,P136,1,3429.79,Net Banking,3429.79
T0774,2026-02-02 05:00:00,C1082,P127,2,1201.96,Credit Card,2403.92
T0775,2026-02-02 06:00:00,C1115,P138,5,2213.77,Net Banking,11068.85
T0776,2026-02-02 07:00:00,C1197,P107,1,3623.88,Credit Card,3623.88
T0777,2026-02-02 08:00:00,C1047,P105,4,2860.29,Credit Card,11441.16
T0778,2026-02-02 09:00:00,C1153,P143,3,2194.76,Debit Card,6584.28
T0779,2026-02-02 10:00:00,C1194,P145,3,1699.06,Net Banking,5097.18
T0780,2026-02-02 11:00:00,C1010,P131,3,4214.33,Net Banking,12642.99
T0781,2026-02-02 12:00:00,C1056,P123,5,804.69,Credit Card,4023.45
T0782,2026-02-02 13:00:00,C1030,P142,2,2207.5,Credit Card,4415.0
T0783,2026-02-02 14:00:00,C1109,P110,4,4528.41,UPI,18113.64
T0784,2026-02-02 15:00:00,C1005,P132,5,4244.66,UPI,21223.3
T0785,2026-02-02 16:00:00,C1119,P143,4,2064.61,Credit Card,8258.44
T0786,2026-02-02 17:00:00,C1033,P130,4,3839.23,UPI,15356.92
T0787,2026-02-02 18:00:00,C1118,P139,2,4133.49,UPI,8266.98
T0788,2026-02-02 19:00:00,C1065,P131,3,4455.55,Credit Card,13366.65
T0789,2026-02-02 20:00:00,C1146,P118,2,2768.08,Credit Card,5536.16
T0790,2026-02-02 21:00:00,C1177,P136,5,1101.86,Net Banking,5509.3
T0791,2026-02-02 22:00:00,C1011,P102,5,1351.01,Credit Card,6755.05
T0792,2026-02-02 23:00:00,C1085,P114,5,1548.9,Credit Card,7744.5
T0793,2026-02-03 00:00:00,C1026,P113,2,3009.63,Debit Card,6019.26
T0794,2026-02-03 01:00:00,C1063,P129,4,260.77,Net Banking,1043.08
T0795,2026-02-03 02:00:00,C1086,P112,4,3216.61,Net Banking,12866.44
T0796,2026-02-03 03:00:00,C1059,P139,1,1885.34,Net Banking,1885.34
T0797,2026-02-03 04:00:00,C1027,P102,5,1546.68,Debit Card,7733.4
T0798,2026-02-03 05:00:00,C1177,P132,4,4409.53,Credit Card,17638.12
T0799,2026-02-03 06:00:00,C1161,P113,1,2354.01,Net Banking,2354.01
T0800,2026-02-03 07:00:00,C1098,P146,4,565.76,Net Banking,2263.04
T0801,2026-02-03 08:00:00,C1105,P127,5,4151.06,UPI,20755.3
T0802,2026-02-03 09:00:00,C1099,P149,3,333.44,Net Banking,1000.32
T0803,2026-02-03 10:00:00,C1129,P141,5,3661.07,Credit Card,18305.35
T0804,2026-02-03 11:00:00,C1149,P117,2,3892.14,Credit Card,7784.28
T0805,2026-02-03 12:00:00,C1055,P140,4,1827.75,UPI,7311.0
T0806,2026-02-03 13:00:00,C1006,P131,4,4141.46,Net Banking,16565.84
T0807,2026-02-03 14:00:00,C1197,P134,2,2626.73,Net Banking,5253.46
T0808,2026-02-03 15:00:00,C1095,P124,2,2370.14,Net Banking,4740.28
T0809,2026-02-03 16:00:00,C1133,P145,3,322.48,Debit Card,967.44
T0810,2026-02-03 17:00:00,C1102,P135,4,1521.14,Net Banking,6084.56
T0811,2026-02-03 18:00:00,C1003,P148,4,4661.95,Credit Card,18647.8
T0812,2026-02-03 19:00:00,C1181,P106,3,2019.94,Credit Card,6059.82
T0813,2026-02-03 20:00:00,C1023,P119,1,2778.83,Debit Card,2778.83
T0814,2026-02-03 21:00:00,C1053,P130,3,2706.91,Debit Card,8120.73
T0815,2026-02-03 22:00:00,C1165,P107,5,2993.11,Net Banking,14965.55
T0816,2026-02-03 23:00:00,C1083,P110,4,400.52,UPI,1602.08
T0817,2026-02-04 00:00:00,C1145,P141,2,1874.66,Debit Card,3749.32
T0818,2026-02-04 01:00:00,C1085,P132,5,3643.33,Debit Card,18216.65
T0819,2026-02-04 02:00:00,C1078,P134,4,1082.75,Net Banking,4331.0
T0820,2026-02-04 03:00:00,C1110,P128,3,1097.53,Net Banking,3292.59
T0821,2026-02-04 04:00:00,C1001,P115,5,149.44,Debit Card,747.2
T0822,2026-02-04 05:00:00,C1051,P130,4,2243.66,UPI,8974.64
T0823,2026-02-04 06:00:00,C1173,P137,1,4425.4,Debit Card,4425.4
T0824,2026-02-04 07:00:00,C1004,P129,1,354.31,Net Banking,354.31
T0825,2026-02-04 08:00:00,C1190,P122,2,1036.48,Net Banking,2072.96
T0826,2026-02-04 09:00:00,C1193,P104,4,1619.41,Debit Card,6477.64
T0827,2026-02-04 10:00:00,C1113,P120,1,3685.45,UPI,3685.45
T0828,2026-02-04 11:00:00,C1032,P132,3,3239.11,Debit Card,9717.33
T0829,2026-02-04 12:00:00,C1034,P136,4,2138.13,Debit Card,8552.52
T0830,2026-02-04 13:00:00,C1092,P150,3,3819.44,Net Banking,11458.32
T0831,2026-02-04 14:00:00,C1095,P104,3,3087.19,UPI,9261.57
T0832,2026-02-04 15:00:00,C1072,P127,1,4490.6,Credit Card,4490.6
T0833,2026-02-04 16:00:00,C1039,P117,4,4108.33,UPI,16433.32
T0834,2026-02-04 17:00:00,C1154,P112,5,1338.79,Debit Card,6693.95
T0835,2026-02-04 18:00:00,C1162,P122,1,1430.05,Debit Card,1430.05
T0836,2026-02-04 19:00:00,C1182,P117,1,714.25,Debit Card,714.25
T0837,2026-02-04 20:00:00,C1118,P110,4,1751.13,UPI,7004.52
T0838,2026-02-04 21:00:00,C1003,P101,4,4997.77,Net Banking,19991.08
T0839,2026-02-04 22:00:00,C1123,P122,3,2088.18,Debit Card,6264.54
T0840,2026-02-04 23:00:00,C1050,P126,4,1180.39,Debit Card,4721.56
T0841,2026-02-05 00:00:00,C1012,P118,3,3836.17,UPI,11508.51
T0842,2026-02-05 01:00:00,C1193,P150,1,2758.11,Credit Card,2758.11
T0843,2026-02-05 02:00:00,C1054,P114,2,833.05,Credit Card,1666.1
T0844,2026-02-05 03:00:00,C1133,P147,5,1965.38,Net Banking,9826.9
T0845,2026-02-05 04:00:00,C1057,P129,1,2130.9,Net Banking,2130.9
T0846,2026-02-05 05:00:00,C1145,P112,4,3793.77,Debit Card,15175.08
T0847,2026-02-05 06:00:00,C1112,P136,5,201.29,UPI,1006.45
T0848,2026-02-05 07:00:00,C1047,P135,2,1418.2,Debit Card,2836.4
T0849,2026-02-05 08:00:00,C1151,P112,2,2636.22,Net Banking,5272.44
T0850,2026-02-05 09:00:00,C1085,P107,3,1417.35,UPI,4252.05
T0851,2026-02-05 10:00:00,C1142,P129,5,3179.33,UPI,15896.65
T0852,2026-02-05 11:00:00,C1066,P111,3,2461.15,Net Banking,7383.45
T0853,2026-02-05 12:00:00,C1075,P133,1,1872.38,Credit Card,1872.38
T0854,2026-02-05 13:00:00,C1179,P106,5,4751.12,Credit Card,23755.6
T0855,2026-02-05 14:00:00,C1103,P147,1,3197.58,UPI,3197.58
T0856,2026-02-05 15:00:00,C1166,P115,3,736.71,Debit Card,2210.13
T0857,2026-02-05 16:00:00,C1192,P132,5,2844.45,Credit Card,14222.25
T0858,2026-02-05 17:00:00,C1038,P111,3,3925.59,Debit Card,11776.77
T0859,2026-02-05 18:00:00,C1050,P123,5,3571.6,Credit Card,17858.0
T0860,2026-02-05 19:00:00,C1098,P126,3,943.24,Credit Card,2829.72
T0861,2026-02-05 20:00:00,C1082,P134,2,4864.86,Debit Card,9729.72
T0862,2026-02-05 21:00:00,C1030,P146,3,2299.19,Net Banking,6897.57
T0863,2026-02-05 22:00:00,C1079,P134,2,879.22,Credit Card,1758.44
T0864,2026-02-05 23:00:00,C1091,P129,3,982.96,Credit Card,2948.88
T0865,2026-02-06 00:00:00,C1179,P104,5,581.35,Debit Card,2906.75
T0866,2026-02-06 01:00:00,C1191,P117,5,4037.24,Net Banking,20186.2
T0867,2026-02-06 02:00:00,C1052,P135,5,697.95,Credit Card,3489.75
T0868,2026-02-06 03:00:00,C1166,P113,4,713.11,Credit Card,2852.44
T0869,2026-02-06 04:00:00,C1079,P141,1,4267.31,Net Banking,4267.31
T0870,2026-02-06 05:00:00,C1030,P139,5,1788.56,Credit Card,8942.8
T0871,2026-02-06 06:00:00,C1106,P115,2,251.2,Net Banking,502.4
T0872,2026-02-06 07:00:00,C1051,P129,5,354.29,Net Banking,1771.45
T0873,2026-02-06 08:00:00,C1081,P129,4,796.64,Debit Card,3186.56
T0874,2026-02-06 09:00:00,C1133,P111,2,1145.63,UPI,2291.26
T0875,2026-02-06 10:00:00,C1029,P132,4,3359.22,Net Banking,13436.88
T0876,2026-02-06 11:00:00,C1132,P102,2,870.9,Debit Card,1741.8
T0877,2026-02-06 12:00:00,C1138,P147,3,682.48,UPI,2047.44
T0878,2026-02-06 13:00:00,C1184,P114,1,3847.12,Credit Card,3847.12
T0879,2026-02-06 14:00:00,C1145,P120,1,3388.17,UPI,3388.17
T0880,2026-02-06 15:00:00,C1074,P122,4,2233.09,Net Banking,8932.36
T0881,2026-02-06 16:00:00,C1017,P111,1,2791.62,Net Banking,2791.62
T0882,2026-02-06 17:00:00,C1084,P127,4,1628.72,Net Banking,6514.88
T0883,2026-02-06 18:00:00,C1069,P103,4,2464.25,Net Banking,9857.0
T0884,2026-02-06 19:00:00,C1034,P117,4,2582.7,Net Banking,10330.8
T0885,2026-02-06 20:00:00,C1006,P144,1,1997.46,Debit Card,1997.46
T0886,2026-02-06 21:00:00,C1053,P128,4,4542.2,Net Banking,18168.8
T0887,2026-02-06 22:00:00,C1194,P129,1,178.7,Debit Card,178.7
T0888,2026-02-06 23:00:00,C1126,P121,4,3932.64,Credit Card,15730.56
T0889,2026-02-07 00:00:00,C1043,P147,5,709.48,Net Banking,3547.4
T0890,2026-02-07 01:00:00,C1115,P116,4,4007.98,Net Banking,16031.92
T0891,2026-02-07 02:00:00,C1111,P137,2,3117.97,UPI,6235.94
T0892,2026-02-07 03:00:00,C1151,P120,4,4232.06,Credit Card,16928.24
T0893,2026-02-07 04:00:00,C1183,P106,3,577.82,Net Banking,1733.46
T0894,2026-02-07 05:00:00,C1080,P119,4,2839.01,Net Banking,11356.04
T0895,2026-02-07 06:00:00,C1095,P105,2,2555.33,Credit Card,5110.66
T0896,2026-02-07 07:00:00,C1118,P103,2,3560.35,Debit Card,7120.7
T0897,2026-02-07 08:00:00,C1144,P101,1,2718.02,Net Banking,2718.02
T0898,2026-02-07 09:00:00,C1008,P138,5,2749.6,UPI,13748.0
T0899,2026-02-07 10:00:00,C1132,P115,4,2205.02,Net Banking,8820.08
T0900,2026-02-07 11:00:00,C1104,P134,1,1613.29,UPI,1613.29
T0900,2026-02-07 12:00:00,C1132,P135,5,2463.1,UPI,12315.5
T0902,2026-02-07 13:00:00,C1184,P149,4,680.61,Net Banking,2722.44
T0903,2026-02-07 14:00:00,C1025,P125,3,4811.42,Net Banking,14434.26
T0904,2026-02-07 15:00:00,C1195,P124,4,3600.61,UPI,14402.44
T0905,2026-02-07 16:00:00,C1096,P112,2,4767.09,Credit Card,9534.18
T0906,2026-02-07 17:00:00,C1195,P118,2,1210.96,Credit Card,2421.92
T0907,2026-02-07 18:00:00,C1155,P115,3,4408.77,Net Banking,13226.31
T0908,2026-02-07 19:00:00,C1093,P144,1,4063.07,Debit Card,4063.07
T0909,2026-02-07 20:00:00,C1160,P116,5,3418.05,Credit Card,17090.25
T0910,2026-02-07 21:00:00,C1178,P127,4,3162.64,Net Banking,12650.56
T0911,2026-02-07 22:00:00,C1061,P108,2,1651.09,Credit Card,3302.18
T0912,2026-02-07 23:00:00,C1122,P146,1,4100.41,Debit Card,4100.41
T0913,2026-02-08 00:00:00,C1051,P125,3,2557.43,Net Banking,7672.29
T0914,2026-02-08 01:00:00,C1147,P117,2,447.37,Debit Card,894.74
T0915,2026-02-08 02:00:00,C1021,P129,3,1633.03,Net Banking,4899.09
T0916,2026-02-08 03:00:00,C1005,P108,4,4682.96,Debit Card,18731.84
T0917,2026-02-08 04:00:00,C1092,P115,5,4268.33,Credit Card,21341.65
T0918,2026-02-08 05:00:00,C1170,P127,2,4911.34,Credit Card,9822.68
T0919,2026-02-08 06:00:00,C1061,P146,2,3177.17,Debit Card,6354.34
T0920,2026-02-08 07:00:00,C1022,P150,4,1312.8,Debit Card,5251.2
T0921,2026-02-08 08:00:00,C1149,P107,1,897.79,Debit Card,897.79
T0922,2026-02-08 09:00:00,C1070,P103,5,1015.88,Net Banking,5079.4
T0923,2026-02-08 10:00:00,C1001,P129,2,197.0,Credit Card,394.0
T0924,2026-02-08 11:00:00,C1133,P144,5,2014.34,Net Banking,10071.7
T0925,2026-02-08 12:00:00,C1012,P124,2,1038.0,Credit Card,2076.0
T0926,2026-02-08 13:00:00,C1090,P103,5,2117.11,UPI,10585.55
T0927,2026-02-08 14:00:00,C1046,P120,3,4681.47,Net Banking,14044.41
T0928,2026-02-08 15:00:00,C1034,P146,2,2209.65,Credit Card,4419.3
T0929,2026-02-08 16:00:00,C1177,P115,5,4402.12,Credit Card,22010.6
T0930,2026-02-08 17:00:00,C1078,P125,1,3066.97,Net Banking,3066.97
T0931,2026-02-08 18:00:00,C1045,P130,3,1310.94,Net Banking,3932.82
T0932,2026-02-08 19:00:00,C1155,P114,3,1843.69,Credit Card,5531.07
T0933,2026-02-08 20:00:00,C1073,P107,1,511.21,Net Banking,511.21
T0934,2026-02-08 21:00:00,C1026,P117,5,1733.97,Debit Card,8669.85
T0935,2026-02-08 22:00:00,C1047,P144,4,3419.95,Net Banking,13679.8
T0936,2026-02-08 23:00:00,C1121,P120,1,453.34,Net Banking,453.34
T0937,2026-02-09 00:00:00,C1056,P136,5,1106.47,Net Banking,5532.35
T0938,2026-02-09 01:00:00,C1094,P109,1,1969.06,Credit Card,1969.06
T0939,2026-02-09 02:00:00,C1107,P138,1,4912.04,Debit Card,4912.04
T0940,2026-02-09 03:00:00,C1063,P148,2,3945.82,UPI,7891.64
T0941,2026-02-09 04:00:00,C1048,P122,5,3694.09,UPI,18470.45
T0942,2026-02-09 05:00:00,C1061,P102,4,669.34,Debit Card,2677.36
T0943,2026-02-09 06:00:00,C1081,P124,2,3926.88,Debit Card,7853.76
T0944,2026-02-09 07:00:00,C1026,P108,1,3947.82,Debit Card,3947.82
T0945,2026-02-09 08:00:00,C1036,P111,1,3045.4,Credit Card,3045.4
T0946,2026-02-09 09:00:00,C1001,P113,1,4952.77,UPI,4952.77
T0947,2026-02-09 10:00:00,C1008,P117,5,1693.74,Debit Card,8468.7
T0948,2026-02-09 11:00:00,C1113,P108,5,4712.23,Credit Card,23561.15
T0949,2026-02-09 12:00:00,C1099,P121,2,4582.18,UPI,9164.36
T0950,2026-02-09 13:00:00,C1180,P118,4,156.26,Net Banking,625.04
T0951,2026-02-09 14:00:00,C1047,P130,2,2305.57,Credit Card,4611.14
T0952,2026-02-09 15:00:00,C1127,P118,3,4887.81,UPI,14663.43
T0953,2026-02-09 16:00:00,C1056,P146,1,605.29,Credit Card,605.29
T0954,2026-02-09 17:00:00,C1014,P147,1,2784.15,UPI,2784.15
T0955,2026-02-09 18:00:00,C1028,P131,1,4896.89,UPI,4896.89
T0956,2026-02-09 19:00:00,C1078,P138,2,2821.93,Net Banking,5643.86
T0957,2026-02-09 20:00:00,C1130,P132,2,1030.09,Credit Card,2060.18
T0958,2026-02-09 21:00:00,C1109,P111,1,2952.7,Debit Card,2952.7
T0959,2026-02-09 22:00:00,C1154,P145,2,1101.76,Net Banking,2203.52
T0960,2026-02-09 23:00:00,C1014,P125,5,2646.55,Net Banking,13232.75
T0961,2026-02-10 00:00:00,C1187,P133,5,462.81,UPI,2314.05
T0962,2026-02-10 01:00:00,C1056,P138,2,3066.87,Debit Card,6133.74
T0963,2026-02-10 02:00:00,C1115,P141,1,2632.27,Credit Card,2632.27
T0964,2026-02-10 03:00:00,C1007,P108,2,3726.79,Debit Card,7453.58
T0965,2026-02-10 04:00:00,C1003,P111,2,3190.43,Debit Card,6380.86
T0966,2026-02-10 05:00:00,C1111,P122,2,2793.07,Debit Card,5586.14
T0967,2026-02-10 06:00:00,C1151,P124,3,3479.92,Debit Card,10439.76
T0968,2026-02-10 07:00:00,C1107,P141,5,805.32,Debit Card,4026.6
T0969,2026-02-10 08:00:00,C1018,P117,4,3017.26,UPI,12069.04
T0970,2026-02-10 09:00:00,C1038,P112,4,943.34,UPI,3773.36
T0971,2026-02-10 10:00:00,C1115,P146,3,4635.06,Net Banking,13905.18
T0972,2026-02-10 11:00:00,C1015,P132,2,434.84,UPI,869.68
T0973,2026-02-10 12:00:00,C1192,P115,3,2208.84,Net Banking,6626.52
T0974,2026-02-10 13:00:00,C1119,P116,3,3509.41,Net Banking,10528.23
T0975,2026-02-10 14:00:00,C1028,P122,1,2344.31,Credit Card,2344.31
T0976,2026-02-10 15:00:00,C1039,P128,5,551.27,Debit Card,2756.35
T0977,2026-02-10 16:00:00,C1185,P120,4,2811.56,UPI,11246.24
T0978,2026-02-10 17:00:00,C1017,P133,2,3244.0,Credit Card,6488.0
T0979,2026-02-10 18:00:00,C1086,P110,4,3548.58,UPI,14194.32
T0980,2026-02-10 19:00:00,C1126,P140,4,1928.97,Net Banking,7715.88
T0981,2026-02-10 20:00:00,C1044,P132,5,2861.93,UPI,14309.65
T0982,2026-02-10 21:00:00,C1025,P150,4,2308.36,Debit Card,9233.44
T0983,2026-02-10 22:00:00,C1145,P133,4,3393.07,Net Banking,13572.28
T0984,2026-02-10 23:00:00,C1013,P102,3,2959.43,Net Banking,8878.29
T0985,2026-02-11 00:00:00,C1025,P133,5,2676.21,Credit Card,13381.05
T0986,2026-02-11 01:00:00,C1068,P133,1,1322.67,Debit Card,1322.67
T0987,2026-02-11 02:00:00,C1138,P141,2,109.89,Net Banking,219.78
T0988,2026-02-11 03:00:00,C1067,P113,4,953.0,Debit Card,3812.0
T0989,2026-02-11 04:00:00,C1109,P130,2,673.62,UPI,1347.24
T0990,2026-02-11 05:00:00,C1146,P133,1,2300.52,Debit Card,2300.52
T0991,2026-02-11 06:00:00,C1111,P113,2,3100.06,Net Banking,6200.12
T0992,2026-02-11 07:00:00,C1111,P126,1,1144.12,Credit Card,1144.12
T0993,2026-02-11 08:00:00,C1034,P122,3,4701.38,Net Banking,14104.14
T0994,2026-02-11 09:00:00,C1111,P139,4,132.74,Debit Card,530.96
T0995,2026-02-11 10:00:00,C1008,P102,1,3884.27,Debit Card,3884.27
T0996,2026-02-11 11:00:00,C1168,P138,2,3163.5,Net Banking,6327.0
T0997,2026-02-11 12:00:00,C1113,P139,4,1930.42,Debit Card,7721.68
T0998,2026-02-11 13:00:00,C1083,P126,3,347.4,UPI,1042.2
T0999,2026-02-11 14:00:00,C1042,P146,4,3174.68,Net Banking,12698.72
T1000,2026-02-11 15:00:00,C1169,P150,1,1989.51,Credit Card,1989.51
